epoch,train_loss,train_f1,val_f1
1,0.013690366596646443,0.13501387865990047,0.314573511794394
