epoch,train_loss,train_f1,val_f1
1,0.011464178393679234,0.22638575022785676,0.2828407000188066
